danbooru_tag,e621_tag,jp_tag
solo,solo,一人
breasts,breasts,胸
penis,penis,ペニス
nude,nude,裸
simple_background,simple_background,シンプルな背景
nipples,nipples,乳首
sex,sex,セックス
smile,smile,笑顔
blush,blush,赤面
erection,erection,勃起
open_mouth,open_mouth,開いた口
pussy,pussy,女性器
looking_at_viewer,looking_at_viewer,見る人を見ている
tongue,tongue,舌
english_text,english_text,英語のテキスト
cum,cum,精液
tongue_out,tongue_out,舌を出す
anus,anus,肛門
blue_eyes,blue_eyes,青い目
feet,feet,足
pokemon,pokemon,ポケモン
teeth,teeth,歯
standing,standing,立っている
monochrome,monochrome,モノクロ
wings,wings,翼
navel,navel,へそ
vaginal,vaginal,膣の
lying,lying,横たわっている
white_background,white_background,白い背景
underwear,underwear,下着
green_eyes,green_eyes,緑の目
comic,comic,漫画
sitting,sitting,座っている
spread_legs,spread_legs,足を広げる
long_hair,long_hair,長い髪
huge_breasts,huge_breasts,巨大な胸
shirt,shirt,シャツ
looking_back,looking_back,振り返っている
sweat,sweat,汗
red_eyes,red_eyes,赤い目
collar,collar,首輪
on_back,on_back,仰向けの
solo_focus,solo_focus,一人に焦点を当てた
signature,signature,署名
saliva,saliva,唾液
blonde_hair,blonde_hair,ブロンドの髪
brown_hair,brown_hair,茶色の髪
jewelry,jewelry,宝飾品
black_hair,black_hair,黒髪
orgasm,orgasm,オーガズム
glasses,glasses,メガネ
ejaculation,ejaculation,射精
pussy_juice,pussy_juice,愛液
yellow_eyes,yellow_eyes,黄色い目
hat,hat,帽子
bed,bed,ベッド
barefoot,barefoot,裸足
gloves,gloves,手袋
speech_bubble,speech_bubble,吹き出し
bound,bound,拘束されている
panties,panties,パンティ
blue_hair,blue_hair,青い髪
white_hair,white_hair,白髪
cum_in_pussy,cum_in_pussy,膣内射精
purple_eyes,purple_eyes,紫の目
bottomless,bottomless,下半身裸の
food,food,食べ物
pants,pants,ズボン
multicolored_hair,multicolored_hair,複数の色の髪
sketch,sketch,スケッチ
cleavage,cleavage,谷間
red_hair,red_hair,赤毛
tree,tree,木
one_eye_closed,one_eye_closed,片目を閉じている
topless,topless,上半身裸の
weapon,weapon,武器
water,water,水
looking_at_another,looking_at_another,別の人を見ている
sky,sky,空
purple_hair,purple_hair,紫色の髪
short_hair,short_hair,短い髪
pink_hair,pink_hair,ピンク色の髪
necklace,necklace,ネックレス
tears,tears,涙
shoes,shoes,靴
brown_eyes,brown_eyes,茶色の目
shorts,shorts,ショートパンツ
armor,armor,鎧
pillow,pillow,枕
grin,grin,にやっと笑う
greyscale,greyscale,グレースケール
bikini,bikini,ビキニ
dress,dress,ドレス
cloud,cloud,雲
skirt,skirt,スカート
grey_background,grey_background,灰色の背景
on_bed,on_bed,ベッドの上
censored,censored,検閲された
sound_effects,sound_effects,効果音
after_sex,after_sex,セックス後
wet,wet,濡れている
boots,boots,ブーツ
bra,bra,ブラ
small_breasts,small_breasts,小さな胸
lips,lips,唇
night,night,夜
socks,socks,靴下
green_hair,green_hair,緑色の髪
flower,flower,花
black_eyes,black_eyes,黒い目
day,day,昼
ponytail,ponytail,ポニーテール
uniform,uniform,制服
bracelet,bracelet,ブレスレット
high_heels,high_heels,ハイヒール
orange_eyes,orange_eyes,オレンジ色の目
belt,belt,ベルト
pink_eyes,pink_eyes,ピンク色の目
rape,rape,レイプ
midriff,midriff,へそ周り
hand_on_hip,hand_on_hip,腰に手を当てている
orange_hair,orange_hair,オレンジ色の髪
jacket,jacket,ジャケット
blood,blood,血
scarf,scarf,スカーフ
grey_hair,grey_hair,灰色の髪
mask,mask,マスク
magic,magic,魔法
sword,sword,剣
loli,loli,ロリ
sweatdrop,sweatdrop,汗
necktie,necktie,ネクタイ
fruit,fruit,果物
gradient_background,gradient_background,グラデーション背景
elbow_gloves,elbow_gloves,肘付き手袋
gun,gun,銃
hair_ribbon,hair_ribbon,髪留めのリボン
fingerless_gloves,fingerless_gloves,指切り手袋
holding_weapon,holding_weapon,武器を持っている
book,book,本
choker,choker,首輪
sweater,sweater,セーター
hair_bow,hair_bow,髪留めのリボン
cup,cup,カップ
dark_skin,dark_skin,肌が黒い
condom,condom,コンドーム
medium_breasts,medium_breasts,中くらいの胸
cape,cape,マント
artist_name,artist_name,アーティスト名
cosplay,cosplay,コスプレ
straddling,straddling,跨る
grey_eyes,grey_eyes,灰色の目
crop_top,crop_top,ショート丈のトップス
coat,coat,コート
vest,vest,ベスト
apron,apron,エプロン
chibi,chibi,ちび
dated,dated,日付あり
bangs,bangs,前髪
hairband,hairband,ヘアバンド
one-piece_swimsuit,one-piece_swimsuit,ワンピース水着
collarbone,collarbone,鎖骨
leotard,leotard,レオタード
,mammal,哺乳類
,anthro,獣人
,hi_res,高解像度
,female,女性
,male,男性
,genitals,性器
,clothing,衣服
,hair,髪
,fur,毛皮
,duo,二人
,bodily_fluids,体液
,canid,イヌ科
,canine,犬歯
,digital_media_(artwork),デジタルメディア(作品)
,video_games,ビデオゲーム
,clothed,服を着ている
,text,テキスト
,balls,睾丸
,genital_fluids,性器から分泌される液体
,butt,お尻
,absurd_res,超高解像度
,penetration,挿入
,big_breasts,巨乳
,nintendo,任天堂
,felid,ネコ科動物
,canis,イヌ属
,horn,角
,male/female,男性/女性
,feral,ケモノ
,white_body,白い体
,penile,ペニスの
,male_penetrating,男性が挿入する
,pokemon_(species),ポケモン(種類)
,claws,爪
,equid,ウマ科動物
,white_fur,白い毛皮
,male/male,男性/男性
,animal_genitalia,動物の性器
,biped,二足歩行の生物
,equine,ウマ科の
,topwear,上着
,humanoid_genitalia,人型生物の性器
,group,グループ
,scalie,鱗を持つ生物
,humanoid,人型
,fingers,指
,dialogue,台詞
,humanoid_penis,人型生物のペニス
,anal,アナルの
,muscular,筋肉質の
,feline,ネコ科の
,hasbro,ハズブロ
,cum_inside,膣内射精
,my_little_pony,マイリトルポニー
,human,人間
,toes,足の指
,fox,キツネ
,tuft,房状の毛
,thick_thighs,太い太もも
,1:1,1:1のアスペクト比
,eyes_closed,目を閉じている
,brown_body,茶色の体
,piercing,ピアス
,spreading,広げている
,areola,乳輪
,dragon,ドラゴン
,bottomwear,ボトムス
,anal_penetration,アナルへの挿入
,domestic_dog,イヌ
,animal_penis,動物のペニス
,<3,ハート
,interspecies,異種間の
,female_penetrated,女性が挿入される
,blue_body,青い体
,friendship_is_magic,友情は魔法
,vaginal_penetration,膣への挿入
,black_body,黒い体
,wolf,オオカミ
,size_difference,サイズの違い
,big_penis,大きなペニス
,brown_fur,茶色の毛皮
,outside,外
,ambiguous_gender,性別が曖昧な
,plant,植物
,furniture,家具
,oral,オーラルセックス
,big_butt,大きなお尻
,male_penetrating_female,男性が女性に挿入する
,legwear,脚の衣類
,eyewear,眼鏡
,muscular_male,筋肉質の男性
,markings,マーキング
,multicolored_body,複数の色の体
,penile_penetration,ペニスでの挿入
,felis,ネコ属
,wide_hips,広い腰
,young,若い
,lagomorph,ウサギ目
,domestic_cat,ネコ
,5_fingers,5本の指
,grey_body,灰色の体
,narrowed_eyes,細めた目
,black_nose,黒い鼻
,paws,肉球
,footwear,靴
,reptile,爬虫類
,presenting,プレゼンテーション
,intersex,インターセックス
,feathers,羽
,male_penetrated,男性が挿入される
,2020,2020年
,leporid,ウサギ科動物
,headgear,頭部装備
,2021,2021年
,horse,馬
,black_fur,黒い毛皮
,rabbit,ウサギ
,belly,腹
,ear_piercing,耳ピアス
,2019,2019年
,eyelashes,まつげ
,fangs,牙
,pawpads,肉球
,anthro_on_anthro,獣人同士
,male_penetrating_male,男性が男性に挿入する
,overweight,太り気味
,pantherine,ヒョウ属動物
,detailed_background,詳細な背景
,multicolored_fur,複数の色の毛皮
,yellow_body,黄色い体
,muscular_anthro,筋肉質の獣人
,knot,結び目
,abs,腹筋
,headwear,帽子
,grey_fur,灰色の毛
,2018,2018年
,2022,2022年
,vein,血管
,eyebrows,眉毛
,gynomorph,雌の形態
,not_furry,ケモノ要素がない
,2017,2017年
,avian,鳥類
,half-closed_eyes,半目を閉じている
,handwear,手袋
,pecs,大胸筋
,bovid,ウシ科動物
,big_balls,大きな睾丸
,blue_fur,青い毛皮
,penis_in_pussy,ペニスが膣に入っている
,anthrofied,擬人化された
,inside,内部
,orange_body,オレンジ色の体
,2016,2016年
,looking_pleasured,快感に溺れている
,animal_humanoid,動物のような人型
,shaded,陰影がついている
,masturbation,オナニー
,from_behind_position,後背位
,fellatio,フェラチオ
,anthro_penetrated,獣人が挿入される
,cub,幼獣
,4_toes,4本の指
,feathered_wings,羽毛のある翼
,portrait,ポートレート
,precum,先走り液
,two_tone_body,2色の体
,holding_object,物を持っている
,hyper,過剰な
,widescreen,ワイドスクリーン
,tan_body,日焼けした体
,non-mammal_breasts,哺乳類以外の動物の胸
,hybrid,混血
,pose,ポーズ
,disney,ディズニー
,stripes,縞模様
,toe_claws,足指の爪
,pony,ポニー
,generation_1_pokemon,第1世代のポケモン
,foreskin,包皮
,licking,舐めている
,countershading,カウンターシェーディング
,rear_view,後ろ姿
,rodent,齧歯類
,3d_(artwork),3D(作品)
,bulge,膨らみ
,fan_character,ファンキャラクター
,dominant,支配的な
,animated,アニメーション化された
,canine_penis,イヌ科動物のペニス
,equine_penis,ウマ科動物のペニス
,16:9,16:9のアスペクト比
,unicorn,ユニコーン
,yellow_fur,黄色い毛皮
,purple_body,紫色の体
,marine,海洋生物
,cum_in_ass,アナル中出し
,kneeling,跪いている
,bdsm,BDSM
,scales,鱗
,red_body,赤い体
,anthro_penetrating,獣人が挿入する
,sex_toy,大人のおもちゃ
,girly,女の子らしい
,slightly_chubby,ややぽっちゃりした
,raised_tail,尾を上げている
,huge_penis,巨大なペニス
,orange_fur,オレンジ色の毛皮
,bird,鳥
,hooves,蹄
,clitoris,クリトリス
,accessory,アクセサリー
,chest_tuft,胸の房状の毛
,ursid,クマ科動物
,cutie_mark,キューティーマーク
,fluffy,ふわふわした
,membrane_(anatomy),膜(解剖学)
,submissive,従順な
,curvy_figure,曲線美のあるスタイル
,kemono,ケモノ
,2015,2015年
,green_body,緑色の体
,biceps,上腕二頭筋
,backsack,尻尾の付け根
,3_toes,3本の指
,veiny_penis,静脈の浮き出たペニス
,partially_clothed,部分的に服を着ている
,url,URL
,swimwear,水着
,bondage,緊縛
,overweight_male,太った男性
,thigh_highs,ニーハイソックス
,cumshot,ぶっかけ
,all_fours,四つん這い
,two_tone_fur,2色の毛皮
,group_sex,グループセックス
,membranous_wings,膜状の翼
,mostly_nude,ほぼ裸
,front_view,正面図
,3:4,3:4のアスペクト比
,pink_body,ピンク色の体
,seductive,誘惑的な
,tan_fur,茶色の毛皮
,short_playtime,短い再生時間
,sega,セガ
,mammal_humanoid,哺乳類人型
,anthro_penetrating_anthro,獣人同士の挿入
,presenting_hindquarters,お尻を突き出している
,from_front_position,正面から
,stockings,ストッキング
,humanoid_hands,人型の手
,sonic_the_hedgehog_(series),ソニック・ザ・ヘッジホッグ(シリーズ)
,faceless_character,顔のない登場人物
,conditional_dnp,条件付き投稿禁止
,japanese_text,日本語のテキスト
,pubes,陰毛
,digital_drawing_(artwork),デジタルドローイング(作品)
,inner_ear_fluff,内耳の綿毛
,makeup,化粧
,on_top,上に乗っている
,dripping,垂れている
,sharp_teeth,鋭い歯
,generation_4_pokemon,第4世代のポケモン
,ring_piercing,リングピアス
,machine,機械
,female/female,女性同士
,larger_male,大柄な男性
,4_fingers,4本の指
,digitigrade,指行性の
,caprine,ヤギ亜科動物
,smaller_male,小柄な男性
,2014,2014年
,tail_markings,尾のマーキング
,voluptuous,豊満な
,drooling,よだれを垂らしている
,faceless_male,顔のない男性
,4:3,4:3のアスペクト比
,cum_in_mouth,口内射精
,oral_penetration,口への挿入
,beak,くちばし
,demon,悪魔
,forced,強制された
,huge_butt,巨大なお尻
,overweight_anthro,太った獣人
,fluffy_tail,ふわふわした尻尾
,bestiality,獣姦
,border,枠
,tiger,トラ
,on_bottom,下に
,open_smile,開いた笑顔の口
,alpha_channel,アルファチャンネル
,cum_on_face,顔射
,pegasus,ペガサス
,glowing,光っている
,nipple_piercing,乳首ピアス
,big_belly,大きなお腹
,human_on_anthro,人間と獣人
,generation_3_pokemon,第3世代のポケモン
,dildo,ディルド
,bedroom_eyes,色っぽい目つき
,trio,3人
,earth_pony,アースポニー
,spots,斑点
,female_focus,女性に焦点を当てた
,mythology,神話
,multicolored_tail,複数の色の尻尾
,sheath,鞘
,glistening,光沢のある
,two_tone_hair,2色の髪
,fish,魚
,hair_accessory,ヘアアクセサリー
,huge_balls,巨大な睾丸
,hand_on_butt,お尻に手を置く
,grass,草
,soles,足の裏
,facial_hair,顔の毛
,alien,宇宙人
,pink_nipples,ピンク色の乳首
,pokemorph,ポケモン擬人化
,spikes,とげ
,cervid,シカ科動物
,pupils,瞳
,hindpaw,後ろ足
,purple_fur,紫色の毛皮
,black_and_white,モノクロ
,arthropod,節足動物
,pink_nose,ピンク色の鼻
,hyper_genitalia,過剰な性器
,tentacles,触手
,2013,2013年
,submissive_male,従順な男性
,generation_2_pokemon,第2世代のポケモン
,hand_on_breast,胸に手を置く
,murid,ネズミ亜科動物
,armwear,腕の装飾品
,murine,ネズミ属動物
,transformation,変身
,facial_tuft,顔の房状の毛
,mustelid,イタチ科動物
,bovine,ウシ属動物
,red_fur,赤い毛皮
,happy,幸せそうな
,melee_weapon,近接武器
,traditional_media_(artwork),伝統的なメディア(作品)
,ear_ring,イヤリング
,whiskers,ひげ
,cum_on_penis,ペニスの上の精液
,facial_piercing,顔のピアス
,penile_masturbation,ペニス自慰
,lion,ライオン
,internal,内部の
,skimpy,布地の少ない
,robot,ロボット
,bent_over,かがんでいる
,cheek_tuft,頬の房状の毛
,mature_female,成熟した女性
,unknown_artist,作者不明
,pink_fur,ピンク色の毛皮
,dipstick_tail,先端が黒い尻尾
,zootopia,ズートピア
,scar,傷跡
,holidays,休日
,kissing,キス
,undertale_(series),Undertale(シリーズ)
,disembodied_penis,体から切り離されたペニス
,first_person_view,一人称視点
,abdominal_bulge,腹部の膨らみ
,looking_down,下を見ている
,bandai_namco,バンダイナムコ
,big_muscles,大きな筋肉
,body_hair,体毛
,translucent,半透明の
,threesome,3P
,ribbons,リボン
,fully_clothed,全身を覆う服
,age_difference,年齢差
,crossgender,性別越えの
,generation_5_pokemon,第5世代のポケモン
,long_ears,長い耳
,digimon,デジモン
,hyper_penis,過剰なペニス
,full-length_portrait,全身像
,erect_nipples,勃起した乳首
,beverage,飲み物
,gesture,ジェスチャー
,digimon_(species),デジモン(種)
,generation_6_pokemon,第6世代のポケモン
,eeveelution,イーブイの進化形
,humanoid_pointy_ears,尖った耳を持つ人型生物
,plantigrade,足裏歩行の
,handjob,手コキ
,vore,丸呑み
,seaside,海辺
,black_clothing,黒い服
,larger_female,大柄な女性
,male_on_bottom,下に男性
,webm,WebM形式
,flaccid,萎えた
,restraints,拘束具
,torn_clothing,破れた服
,tattoo,タトゥー
,smaller_female,小柄な女性
,winged_unicorn,翼のあるユニコーン
,beach,ビーチ
,mature_anthro,成熟した獣人
,legendary_pokemon,伝説のポケモン
,presenting_pussy,女性器を見せつけている
,penis_in_ass,アナルにペニスが入っている
,container,容器
,glans,亀頭
,black_sclera,黒目の周りの白目部分
,breast_play,胸を弄ぶ
,side_view,横から見た図
,doggystyle,後背位
,<3_eyes,ハートの目
,black_penis,黒いペニス
,perineum,会陰
,on_front,前面に
,animal_crossing,どうぶつの森
,4:5,4:5のアスペクト比
,athletic,運動的な
,spitz,スピッツ犬
,translated,翻訳された
,pink_penis,ピンク色のペニス
,long_tail,長い尻尾
,lizard,トカゲ
,tight_clothing,ぴったりした服
,eyeshadow,アイシャドウ
,raised_leg,脚を上げている
,shark,サメ
,cum_while_penetrated,挿入されながら射精
,human_penetrating,人間が挿入する
,chiropteran,コウモリ目動物
,white_clothing,白い服
,eye_contact,アイコンタクト
,nipple_outline,乳首の輪郭
,5_toes,5本の指
,squish,ぎゅっと押し付ける
,fire,炎
,low_res,低解像度
,cum_drip,精液が垂れている
,undertale,Undertale
,leash,リード
,incest_(lore),近親相姦(設定上)
,glowing_eyes,光る目
,watermark,透かし
,2012,2012年
,embrace,抱擁
,side_boob,横乳
,ass_up,お尻を上げている
,freckles,そばかす
,wink,ウインク
,fingering,指マン
,breath,息
,angry,怒った
,bow_(feature),リボン(特徴)
,forest,森
,source_filmmaker,Source Filmmaker
,human_on_feral,人間とケモノ動物
,moobs,男性の乳房
,messy,散らかった
,gloves_(marking),手袋(マーキング)
,female_on_top,女性が上
,neck_tuft,首周りの房状の毛
,quadruped,四足歩行動物
,overweight_female,太った女性
,beard,あごひげ
,dominant_male,支配的な男性
,flat_chested,貧乳の
,muscular_female,筋肉質な女性
,feral_penetrating,ケモノ動物が挿入する
,eulipotyphlan,トガリネズミ目動物
,animal_pussy,動物の膣
,feral_on_feral,ケモノ動物同士
,lactating,授乳中
,on_side,横向きに
,nose_piercing,鼻ピアス
,hyper_breasts,過剰な胸
,twilight_sparkle_(mlp),トワイライトスパークル (マイリトルポニー)
,cowgirl_position,女性上位
,humor,ユーモア
,snake,ヘビ
,striped_body,縞模様の体
,gag,猿ぐつわ
,big_dom_small_sub,大柄な攻めと小柄な受け
,abstract_background,抽象的な背景
,buckteeth,出っ歯
,tank_top,タンクトップ
,public,公共の場
,head_markings,頭部のマーキング
,goat,ヤギ
,snout,口吻部
,mouse,マウス
,motion_lines,スピードライン
,felid_humanoid,ネコ科人型
,ranged_weapon,遠距離武器
,legs_up,脚を上げている
,hedgehog,ハリネズミ
,pokephilia,ポケモンとのセックス
,marsupial,有袋類
,leg_markings,脚のマーキング
,spotted_body,斑点のある体
,humanoid_feet,人型の足
,2d_animation,2Dアニメーション
,2:3,2:3のアスペクト比
,ahegao,アヘ顔
,procyonid,アライグマ科動物
,facial_markings,顔のマーキング
,mane,たてがみ
,antlers,枝角
,yellow_sclera,黄色の強膜
,shadow,影
,shota,ショタ
,lingerie,ランジェリー
,surprise,驚いた
,dessert,デザート
,intersex/female,インターセックス/女性
,inflation,膨張
,hyper_balls,過剰な睾丸
,hoodie,パーカー
,rubber,ゴム
,three-quarter_portrait,4分の3のポートレート
,meme,ミーム
,generation_7_pokemon,第7世代のポケモン
,undressing,脱衣中
,judy_hopps,ジュディ・ホップス
,parent,親
,monster,モンスター
,multicolored_ears,複数の色の耳
,hug,ハグ
,presenting_anus,肛門を見せている
,star,星
,white_border,白枠
,sibling,兄弟姉妹
,furgonomics,ファーゴノミクス
,clenched_teeth,食いしばった歯
,cattle,ウシ科動物
,colored,色付きの
,butt_grab,お尻を掴む
,hands-free,手を使わない
,slit_pupils,スリット状の瞳孔
,sciurid,リス科動物
,transparent_background,透明な背景
,raccoon,アライグマ
,foot_fetish,足フェチ
,nordic_sled_dog,北欧のそり犬
,sofa,ソファー
,3d_animation,3Dアニメーション
,chair,椅子
,no_sound,音なし
,nails,爪
,phone,電話
,hyaenid,ハイエナ科動物
,female_on_human,女性と人間
,excessive_genital_fluids,過剰な性器の分泌液
,blue_feathers,青い羽
,embarrassed,恥ずかしがっている
,breast_grab,胸を掴む
,feline_humanoid,ネコ科人型
,exclamation_point,感嘆符
,crossover,クロスオーバー
,profanity,冒涜的な言葉
,smaller_penetrated,小柄な者が挿入される
,blue_skin,青い肌
,rope,ロープ
,crown,王冠
,table,テーブル
,dinosaur,恐竜
,open_clothing,開いた服
,insect,昆虫
,mario_bros,マリオブラザーズ
,breast_squish,胸を押しつぶす
,5:4,5:4のアスペクト比
,onomatopoeia,擬音語・擬態語
,submissive_female,従順な女性
,low-angle_view,低い角度からの視点
,socks_(marking),靴下(マーキング)
,pinup,ピンナップ
,macro,巨大化
,disembodied_hand,体から切り離された手
,vaginal_masturbation,膣オナニー
,crying,泣いている
,cute_fangs,可愛らしい牙
,thick_penis,太いペニス
,leaking_cum,精液が漏れている
,were,人狼
,feral_penetrated,ケモノ動物が挿入される
,dominant_female,支配的な女性
,vehicle,乗り物
,camel_toe,女性器の形が浮き出た様子
,bedroom,寝室
,armpit_hair,脇毛
,western_dragon,西洋のドラゴン
,cat_humanoid,ネコ人型
,excessive_cum,過剰な精液
,restrained,拘束
,intersex/male,両性具有/男性
,husky,シベリアン・ハスキー(犬種)
,short_stack,低身長の女性
,bite,噛む
,pastoral_dog,牧羊犬
,lipstick,口紅
,bow_ribbon,リボン
,fluttershy_(mlp),フラッターシャイ(My Little Pony)
,cunnilingus,女性器への口淫
,striped_fur,しま模様の毛皮
,moan,うめき声、呻き声
,crouching,しゃがみ姿勢
,pink_tongue,ピンク色の舌
,spotted_fur,斑点模様の毛皮
,penis_lick,ペニスをなめる
,herding_dog,牧羊犬
,light,光
,featureless_crotch,特徴のない股間
,ambiguous_penetration,曖昧な挿入
,intersex_penetrating,両性具有の性器が挿入している
,rainbow_dash_(mlp),レインボー・ダッシュ(My Little Pony)
,window,窓
,one_eye_obstructed,片目が遮られている
,alternate_species,異種間
,looking_up,上を見上げている
,human_penetrated,人間が挿入されている
,blizzard_entertainment,ブリザード・エンターテインメント(ゲーム会社)
,cum_on_self,自身に射精している
,pregnant,妊娠中
,finger_claws,指の爪
,multi_tail,複数の尻尾
,sleeping,睡眠中
,scottgames,スコット・ゲームズ(ゲーム会社)
,five_nights_at_freddy's,ファイブナイトアットフレディーズ
,crossdressing,異性の服装
,cartoon_network,カートゥーン・ネットワーク(アニメ放送局)
,blue_clothing,青色の服
,blue_background,青色の背景
,nick_wilde,ニック・ワイルド(ズートピア)
,dipstick_ears,耳が垂れ下がっている
,tail_tuft,尻尾の房
,gynomorph/female,女性化ボディ/女性
,obese,肥満体型
,female_on_feral,女性が獣に乗っている
,black_nipples,黒い乳首
,double_penetration,ダブル挿入
,tapering_penis,先細りのペニス
,green_fur,緑色の毛皮
,clothing_lift,服がめくれあがっている
,moon,月
,male_on_anthro,男性が獣人に乗っている
,head_tuft,頭の上の毛房
,star_fox,スターフォックス(ゲームシリーズ)
,short_tail,短い尻尾
,slit,性器の割れ目
,lifewonders,人生の驚き
,canid_humanoid,犬型ヒューマノイド
,werecanid,狼人間
,romantic,ロマンチックな
,translation_request,翻訳リクエスト
,missionary_position,正常位
,human_on_humanoid,人間がヒューマノイドに乗っている
,red_clothing,赤色の服
,partially_retracted_foreskin,包皮が部分的に引っ込んでいる
,floppy_ears,垂れ耳
,chain,鎖
,mythological_avian,神話上の鳥型生物
,pattern_clothing,模様入りの服
,thong,T字型の下着
,bone,骨
,lutrine,オポッサム
,puffy_anus,はれぼったい肛門
,bell,鈴
,sex_toy_insertion,セックストイの挿入
,big_areola,大きな乳輪
,pink_areola,ピンク色の乳輪
,loop,ループ
,canine_humanoid,犬型ヒューマノイド
,cum_on_breasts,胸に射精されている
,3_fingers,3本指
,parent_and_child,親子
,glistening_body,光沢のあるボディ
,cum_on_butt,お尻に射精されている
,bow_accessory,リボンのアクセサリー
,non-mammal_nipples,哺乳類以外の生物の乳首
,semi-anthro,半獣人
,musteline,イタチ亜科
,cum_inflation,体が精液で膨らんでいる
,fondling,愛撫
,male/ambiguous,男性/曖昧な性別
,titfuck,パイズリ
,bedding,寝具
,hands_behind_back,後ろ手に縛られている
,gynomorph_penetrating,女性化ボディが挿入している
,white_balls,白い睾丸
,elemental_creature,精霊生物
,question_mark,疑問符
,2011,2011年
,hair_over_eye,目に髪が掛かっている
,anatomically_correct,解剖学的に正確な
,open_topwear,開いた上着
,male_pov,男性視点
,younger_male,年下の男性
,warcraft,ウォークラフト(ゲームシリーズ)
,spread_pussy,股を開いた女性器
,goggles,ゴーグル
,christmas,クリスマス
,licking_lips,舌を出して唇をなめている
,dark_body,肌が黒い体
,rarity_(mlp),レアリティ(My Little Pony)
,costume,衣装
,big_ears,大きな耳
,webcomic,ウェブコミック
,sound,音
,black_border,黒い枠
,pinkie_pie_(mlp),ピンキー・パイ(My Little Pony)
,featureless_breasts,特徴のない胸
,gaping,大きく開いている
,anthro_on_feral,獣人が獣に乗っている
,romantic_couple,恋人同士のカップル
,half-erect,半勃起状態
,toony,作画が漫画チック
,sunglasses,サングラス
,musclegut,筋肉質な腹部
,crocodilian,ワニ
,fin,手羽先
,smirk,ひそかに笑う
,lucario,ルカリオ(ポケモン)
,saliva_string,糸を引く唾液
,mephitid,スカンク
,black_claws,黒い爪
,foot_focus,足に注目している
,alcohol,アルコール
,green_skin,緑色の肌
,pink_pawpads,ピンク色の肉球
,hand_on_leg,脚に手を置いている
,close-up,接写
,cuff_(restraint),手錠
,multi_genitalia,複数の性器
,skunk,スカンク
,long_tongue,長い舌
,model_sheet,モデルシート
,human_penetrating_anthro,人間が獣人を挿入している
,countershade_torso,色分けされた胴体
,cum_on_body,体に射精されている
,blue_penis,青色のペニス
,white_skin,白い肌
,pivoted_ears,動く耳
,bouncing_breasts,揺れる乳房
,white_tail,白い尻尾
,patreon,パトレオン(クラウドファンディングサービス)
,renamon,レナモン(デジモン)
,hand_on_head,頭に手を置いている
,tokyo_afterschool_summoners,東京アフタースクールサモナーズ(ゲーム作品)
,cum_string,精液の糸
,big_nipples,大きな乳首
,edit,編集する
,duo_focus,二人に焦点を当てている
,nose_ring,鼻輪
,amber_eyes,琥珀色の目
,webcomic_character,ウェブコミックのキャラクター
,medial_ring,中央の輪
,helmet,ヘルメット
,bouncing_balls,バウンドする睾丸
,male_on_feral,男性が獣に乗っている
,bow_tie,蝶ネクタイ
,male_on_human,男性が人間に乗っている
,orgasm_face,絶頂する表情
,genital_piercing,性器へのピアス
,milk,乳
,two_tone_tail,二色の尻尾
,foot_play,足遊び
,riot_games,ライオット・ゲームズ(ゲーム会社)
,gagged,口枷をされている
,league_of_legends,リーグ・オブ・レジェンズ(ゲーム作品)
,herm,両性具有者
,white_feathers,白い羽
,3:2,縦横比3:2
,sheep,羊
,capcom,カプコン(ゲーム会社)
,hands_behind_head,頭の後ろに手を組んでいる
,child,子供
,furred_dragon,毛皮のドラゴン
,asian_mythology,アジアの神話
,heterochromia,異眼色
,rimming,肛門への舐め回し
,rat,ねずみ
,east_asian_mythology,東アジアの神話
,bottomwear_down,下着がずり落ちている
,colored_nails,色付きの爪
,towel,タオル
,suina,イノシシ
,werecanine,狼人間
,sister,姉妹
,multi_penis,複数のペニス
,applejack_(mlp),アップルジャック(My Little Pony)
,raised_arm,上げた腕
,denim,デニム生地
,sand,砂
,ailurid,レッサーパンダ
,pants_down,ズボンをずり落とした状態
,brother,兄弟
,princess_celestia_(mlp),プリンセスセレスティア(My Little Pony)
,ring,指輪
,asian_clothing,アジア風の服装
,denim_clothing,デニム製の服
,frown,眉をひそめる表情
,animatronic,アニマトロニクス
,east_asian_clothing,東アジア風の服装
,cum_on_ground,地面に射精されている
,fennec,フェネックギツネ
,red_panda,レッサーパンダ
,the_legend_of_zelda,ゼルダの伝説(ゲームシリーズ)
,rainbow_hair,虹色の髪
,ineffective_censorship,不完全な修正
,looking_away,別の方向を見ている
,mother,母親
,werewolf,人狼
,green_scales,緑色の鱗
,imminent_sex,間近に迫った性行為
,antennae_(anatomy),触角(解剖学的に)
,princess_luna_(mlp),プリンセスルナ(My Little Pony)
,gryphon,グリフォン(神話上の生物)
,mind_control,精神支配
,primate,霊長類
,ursine,クマ
,urine,尿
,braided_hair,三つ編みの髪
,looking_at_partner,パートナーを見つめている
,leaning,体を傾げている
,thick_tail,太い尻尾
,brown_nose,茶色い鼻
,looking_back_at_viewer,視聴者の方を振り返って見ている
,ball_gag,ボール型の口枷
,frame_by_frame,コマ送り
,suid,イノシシ科
,genital_slit,性器の割れ目
,generation_8_pokemon,第8世代のポケモン
,against_surface,体を壁や床にぴったりと付けている
,cum_on_balls,睾丸に射精されている
,translucent_hair,半透明の髪
,leg_grab,脚を掴んでいる
,multi_limb,複数の肢体
,flora_fauna,動植物
,anatomically_correct_genitalia,解剖学的に正確な性器
,sea,海
,nipple_fetish,乳首フェチ
,sexual_barrier_device,性行為防止用の器具
,sus_(pig),ブタ科の動物
,genital_outline,性器の輪郭線
,micro,極小サイズの
,nipple_play,乳首を責めている
,raccoon_dog,狸
,snow,雪
,equine_pussy,馬の膣
,looking_aside,横を見ている
,sucking,吸う
,spread_butt,お尻を広げる
,boss_monster,ボスモンスター
,story,ストーリー
,spotted_hyena,ブチハイエナ
,loincloth,腰布
,tanuki,タヌキ
,4k,4K解像度
,butt_focus,お尻に焦点を当てた
,self_lick,自身を舐める
,expansion,膨張
,knotting,結び目
,hand_behind_head,頭の後ろに手を置く
,striped_clothing,縞模様の服
,tree_squirrel,リス
,toying_self,自分で弄ぶ
,square_enix,スクウェア・エニックス
,censor_bar,ディケイド修正
,retracted_foreskin,包皮が引っ込んだ状態
,5:6,5:6のアスペクト比
,anal_masturbation,アナルオナニー
,teats,乳首
,kerchief,ハンカチ
,unknown_species,未知の種族
,panting,息を荒くする
,bandage,包帯
,harness,ハーネス
,male_on_top,男性が上
,light_body,明るい体色
,translucent_clothing,半透明の服
,9:16,9:16のアスペクト比
,huge_thighs,巨大な太もも
,line_art,線画
,slim,細身
,sex_toy_in_ass,アナルにセックストイ
,cellphone,携帯電話
,blue_nipples,青い乳首
,anal_orgasm,アナルオーガズム
,japanese_clothing,和服
,fishnet,網タイツ
,elf,エルフ
,standing_sex,立位でのセックス
,giant_panda,ジャイアントパンダ
,shaking,震える
,pseudo_hair,擬似的な髪
,under_boob,下乳
,red_fox,アカギツネ
,not_furry_focus,ケモノに焦点を当てていない
,rock,岩
,cutaway,切り抜き
,jackal,ジャッカル
,chest_hair,胸毛
,2010,2010年
,spiked_collar,スパイクつきの首輪
,son,息子
,older_male,年上の男性
,small_waist,細いウエスト
,rouge_the_bat,ルージュ・ザ・バット
,vibrator,バイブレーター
,diaper,おむつ
,growth,成長
,eye_patch,眼帯
,cum_on_chest,胸に射精
,pink_clothing,ピンクの服
,open_shirt,開いたシャツ
,partially_submerged,部分的に水没している
,activision,アクティビジョン
,shackles,手錠・足枷
,lynx,オオヤマネコ
,striped_markings,縞模様のマーキング
,candy,キャンディ
,amphibian,両生類
,deep_throat,ディープスロート
,larger_anthro,大型の獣人
,human_focus,人間に焦点を当てた
,huge_muscles,巨大な筋肉
,hunting_dog,猟犬
,vaginal_fingering,膣への指挿入
,balls_deep,根元まで入れる
,suit,スーツ
,cheetah,チーター
,humanoid_penetrated,人型生物が挿入される
,blue_scales,青い鱗
,kobold,コボルド
,clothing_aside,服を脇に
,pink_background,ピンクの背景
,species_transformation,種族変化
,small_dom_big_sub,小さな攻め・大きな受け
,tail_motion,尻尾の動き
,biting_lip,唇を噛む
,snow_leopard,ユキヒョウ
,eye_roll,目を回す
,smoking,喫煙
,tentacle_sex,触手セックス
,story_in_description,説明欄にストーリーあり
,red_penis,赤いペニス
,halloween,ハロウィン
,steam,スチーム
,sonic_the_hedgehog,ソニック・ザ・ヘッジホッグ
,penis_size_difference,ペニスサイズの差
,fucked_silly,めちゃくちゃにファックされる
,mollusk,軟体動物
,bandanna,バンダナ
,gynomorph/male,女性型/男性
,white_eyes,白目
,holding_breast,胸を持つ
,larger_penetrated,大型の挿入される側
,building,建物
,spikes_(anatomy),トゲ(解剖学的)
,spirit,精霊
,shirt_lift,シャツをまくり上げる
,t-shirt,Tシャツ
,leaking,漏れている
,tools,工具
,purple_background,紫の背景
,theropod,獣脚類恐竜
,big_tail,大きな尻尾
,on_ground,地面の上
,barazoku,薔薇族 (雑誌)
,underwear_down,下着を下ろしている
,cum_on_tongue,舌の上に精液
,high_framerate,高フレームレート
,long_penis,長いペニス
,oral_vore,口で丸呑み
,crossed_arms,腕を組む
,tailwag,尻尾を振る
,multi_arm,複数の腕
,flying,飛行
,helluva_boss,ヘルヴァ・ボス
,penile_spines,ペニスの棘
,cum_on_leg,脚に射精
,green_clothing,緑の服
,yellow_feathers,黄色い羽
,reverse_cowgirl_position,逆騎乗位
,older_female,年上の女性
,hypnosis,催眠
,patreon_logo,Patreonのロゴ
,dock,ドッキング
,black_pawpads,黒い肉球
,tan_skin,日焼けした肌
,plump_labia,ぷっくりとした陰唇
,macropod,カンガルー目
,black_tail,黒い尻尾
,countershade_face,対照的な色合いの顔
,teasing,挑発
,city,都市
,purple_skin,紫色の肌
,dreamworks,ドリームワークス
,warner_brothers,ワーナー・ブラザース
,gardevoir,サーナイト
,reclining,横たわる
,blue_nose,青い鼻
,exposed_breasts,露出した胸
,talking_to_viewer,視聴者に話しかける
,glistening_eyes,輝く目
,gem,宝石
,holding_penis,ペニスを持つ
,jeans,ジーンズ
,eating,食事
,covering,覆う
,black_skin,黒い肌
,athletic_anthro,スポーティーな獣人
,nature,自然
,leopard,ヒョウ
,high-angle_view,高角度から見た図
,presenting_penis,ペニスを見せつける
,gaping_anus,開いた肛門
,canine_pussy,イヌ科の膣
,koopa,クッパ
,andromorph,男性型
,striped_tail,縞模様の尻尾
,light_skin,明るい肌
,pikachu,ピカチュウ
,leaf,葉
,ellipsis,省略記号
,shiny_pokemon,色違いのポケモン
,bethesda_softworks,ベセスダ・ソフトワークス
,goo_creature,ゴーの生物
,intersex_penetrated,インターセックスが挿入される
,musk,体臭
,horned_humanoid,角のある人型生物
,bust_portrait,バストアップの肖像画
,bouncing_butt,跳ねるお尻
,casual_nudity,何気ない裸体
,eyebrow_through_hair,髪の間から見える眉
,mother_and_child,母と子
,hand_holding,手を繋ぐ
,v_sign,Vサイン
,galliform,キジ目の鳥類
,gold_(metal),金(金属)
,final_fantasy,ファイナルファンタジー
,true_musteline,イタチ類
,blush_lines,赤面線
,phasianid,キジ科の鳥類
,european_mythology,ヨーロッパ神話
,royalty,王族
,grey_skin,灰色の肌
,septum_piercing,鼻中隔ピアス
,taur,半人半獣
,smoke,煙
,egg,卵
,penis_outline,ペニスの輪郭
,fox_humanoid,キツネ人型
,inverted_nipples,陥没乳首
,kangaroo,カンガルー
,half-length_portrait,上半身の肖像画
,german_shepherd,ジャーマン・シェパード
,highlights_(coloring),ハイライト(カラーリング)
,bent_legs,曲げた脚
,bottle,ボトル
,skull,頭蓋骨
,black_topwear,黒の上着
,female_on_anthro,女性と獣人
,cum_on_belly,腹に射精
,garter_straps,ガーターストラップ
,arm_support,腕で支える
,father,父親
,what,何
,hand_on_penis,ペニスに手を置く
,peeing,おしっこをする
,glass,ガラス
,penetrating_pov,挿入するPOV
,animate_inanimate,生物と無生物
,plushie,ぬいぐるみ
,letterbox,レターボックス
,being_watched,見られている
,female_anthro,女性の獣人
,miles_prower,マイルス・パウアー
,red_skin,赤い肌
,obese_anthro,肥満の獣人
,marine_humanoid,海洋人型
,dildo_insertion,ディルドの挿入
,tail_accessory,尻尾のアクセサリー
,sony_corporation,ソニー株式会社
,fully_sheathed,完全に鞘に収まっている
,magic_user,魔法使い
,shy,シャイな
,french_kissing,ディープキス
,greek_mythology,ギリシャ神話
,haplorhine,真猿類
,red_scales,赤い鱗
,sony_interactive_entertainment,ソニー・インタラクティブエンタテインメント
,intersex_penetrating_female,インターセックスが女性に挿入する
,looking_at_genitalia,性器を見つめる
,wide_eyed,目を見開いた
,red_sclera,赤目
,zebra,シマウマ
,serpentine,蛇のような
,three-quarter_view,4分の3正面からの図
,hand_on_thigh,太ももに手を置く
,talons,鷹爪
,no_underwear,下着なし
,pink_pussy,ピンク色の膣
,black_background,黒背景
,spitroast,串刺し
,amy_rose,エイミー・ローズ
,inviting,誘っている
,facesitting,顔面騎乗
,digital_painting_(artwork),デジタルペインティング(作品)
,passerine,スズメ目の鳥類
,scared,怖がっている
,text_on_clothing,服に書かれた文字
,precum_drip,我慢汁の垂れ
,smaller_human,小さい人間
,intersex/intersex,インターセックス同士
,feral_penetrating_feral,ケモノがケモノに挿入する
,robe,ローブ
,green_background,緑背景
,oscine,鳴禽類
,undead,アンデッド
,krystal,クリスタル
,white_countershading,白い対照色
,multi_eye,複数の目
,spread_wings,羽を広げる
,penis_piercing,ペニスピアス
,dancing,踊っている
,shower,シャワー
,black_scales,黒い鱗
,jockstrap,ジョックストラップ
,gangbang,集団プレイ
,brown_tail,茶色の尻尾
,ghost,幽霊
,blue_tail,青い尻尾
,footjob,足コキ
,tail_feathers,尾羽
,briefs,ブリーフ
,impregnation,種付け
,umbreon,ブラッキー
,questionable_consent,同意が疑わしい
,cigarette,タバコ
,capreoline,シカ科動物
,skinsuit,全身タイツ
,ear_tuft,耳房
,white_topwear,白い上着
,flexing,筋肉を膨らませる
,rope_bondage,縄緊縛
,smiling_at_viewer,視聴者に微笑む
,canid_demon,イヌ科の悪魔
,toy_dog,トイ・ドッグ
,polar_bear,ホッキョクグマ
,unusual_anatomy,変わった解剖学
,dildo_sitting,ディルドに座る
,graphite_(artwork),グラファイト(作品)
,pink_glans,ピンク色の亀頭
,blue_tongue,青い舌
,:3,:3の顔文字
,penis_tip,ペニスの先端
,mature_male,成熟した男性
,toriel,トリエル
,nervous,緊張している
,cum_splatter,精液の飛び散り
,black_balls,黒い睾丸
,clothed_sex,服を着たままのセックス
,small_penis,小さいペニス
,death,死
,changeling,チェンジリング
,hand_on_stomach,腹に手を置く
,16:10,16:10のアスペクト比
,smaller_anthro,小さい獣人
,blep,舌を出している
,alternate_version_at_source,ソース元に別バージョンあり
,long_playtime,長時間のプレイ
,sonic_the_hedgehog_(comics),ソニック・ザ・ヘッジホッグ(コミック)
,drinking,飲む
,spade_tail,スペード型の尻尾
,cephalopod,頭足類
,headphones,ヘッドフォン
,wet_clothing,濡れた服
,slime,スライム
,chastity_device,貞操帯
,underwear_aside,下着が脇に寄せられている
,big_eyes,大きな目
,frottage,股間と股間を擦り合わせる
,gynomorph_penetrating_female,女性型が女性に挿入する
,isabelle_(animal_crossing),しずえ(どうぶつの森)
,deltarune,デルタルーン
,intraspecies,同種間の
,clitoral_hood,陰核包皮
,looking_at_penis,ペニスを見つめる
,faceless_human,顔のない人間
,sparkles,キラキラ
,monster_girl_(genre),モンスター娘(ジャンル)
,black_eyebrows,黒い眉毛
,maid_uniform,メイド服
,pencil_(artwork),鉛筆(作品)
,eevee,イーブイ
,brown_nipples,茶色の乳首
,purple_clothing,紫の服装
,inflatable,膨らませる
,mountain,山
,leather,革
,non-mammal_balls,哺乳類以外の睾丸
,white_claws,白い爪
,hellhound,ヘルハウンド
,white_underwear,白い下着
,cetacean,鯨目
,polearm,長柄武器
,feral_penetrating_human,ケモノ動物が人間に挿入する
,athletic_male,スポーツマン
,watersports,ウォータースポーツ
,multicolored_scales,色とりどりの鱗
,clothed/nude,服装/裸
,plug_(sex_toy),プラグ(大人のおもちゃ)
,black_bars,黒いバー
,pigtails,ツインテール
,crocodylid,クロコダイル科
,upskirt,アップスカート
,pink_skin,ピンク色の肌
,exhibitionism,露出狂
,wood,木
,annoyed,いらいらした
,crocodile,ワニ
,ears_back,耳を後ろに倒す
,forked_tongue,分岐した舌
,ball_fondling,玉を愛撫する
,father_and_child,父と子
,white_scales,白い鱗
,thought_bubble,思考の吹き出し
,underhoof,ひづめの下
,against_wall,壁に押し付けて
,headband,ヘッドバンド
,cuddling,抱き合う
,spike_(mlp),スパイク(マイリトルポニー)
,6:5,6:5のアスペクト比
,grope,もみ方
,arms_tied,腕を縛られている
,ball,ボール
,bowser,クッパ
,monster_hunter,モンスターハンター
,naughty_face,悪戯っぽい顔
,cybernetics,サイバネティクス
,blindfold,目隠し
,mustela,イタチ属
,mtf_crossgender,MTFのクロスジェンダー
,alternate_color,別の色
,self_bite,自分を噛む
,notched_ear,欠けた耳
,crossed_legs,足を組む
,elbow_tuft,肘の房毛
,buttplug,アナルプラグ
,brown_skin,茶色の肌
,bathroom,浴室
,multiple_images,複数の画像
,forced_oral,強制オーラル
,lip_piercing,唇のピアス
,imp,インプ
,uterus,子宮
,69_position,69の体位
,barely_visible_genitalia,かろうじて見える性器
,black_lips,黒い唇
,sergal,サーガル
,gallus_(genus),キジ(属)
,2009,2009年
,chicken,ニワトリ
,armband,腕章
,sequence,連続
,erection_under_clothing,服の下の勃起
,humanoid_on_anthro,人型生物と獣人
,bed_sheet,ベッドシーツ
,slap,平手打ち
,scut_tail,丸いしっぽ
,blue_and_white,青と白
,brother_and_sister,兄と妹
,symbol,記号
,teenager,ティーンエイジャー
,arm_tuft,腕の房毛
,walking,歩く
,anthro_penetrating_human,獣人が人間に挿入する
,bubble,泡
,legless,足がない
,daughter,娘
,multi_nipple,複数の乳首
,biting_own_lip,自分の唇を噛む
,insect_wings,昆虫の羽
,wraps,ラップ
,car,車
,detailed,詳細な
,circumcised,割礼済み
,upside_down,逆さま
,fur_markings,毛の模様
,warrior,戦士
,penis_accessory,ペニスアクセサリー
,shocked,驚いた
,lilo_and_stitch,リロ・アンド・スティッチ
,toothed_whale,歯クジラ類
,lamp,ランプ
,raised_clothing,めくられた服
,fist,拳
,underwater,水中
,navel_piercing,へそピアス
,tusks,牙
,spread_anus,広げた肛門
,nickelodeon,ニコロデオン
,computer,コンピュータ
,coyote,コヨーテ
,alien_humanoid,異星人型
,predator/prey,捕食者/獲物
,grey_tail,灰色の尻尾
,gore,グロテスク
,eyewear_on_head,頭に眼鏡
,deity,神
,candle,ろうそく
,hot_dogging,ホットドッギング
,shell,殻
,delphinoid,イルカ類
,panties_down,パンツを下ろしている
,humanoid_pussy,人型生物の膣
,ears_down,耳を下げている
,eastern_dragon,東洋のドラゴン
,hyper_belly,過剰な腹
,fur_tuft,毛の房
,multi_breast,複数の乳房
,beastars,ビースターズ
,leaning_forward,前かがみ
,smug,得意げな
,sharp_claws,鋭い爪
,love,愛
,pussy_ejaculation,膣の射精
,substance_intoxication,物質による酩酊
,feces,糞便
,anatomically_correct_pussy,解剖学的に正しい膣
,chastity_cage,貞操帯
,mosaic_censorship,モザイク検閲
,breast_expansion,乳房の膨張
,black_feathers,黒い羽
,purple_penis,紫のペニス
,thick_eyebrows,太い眉毛
,pole,ポール
,pinscher,ピンシャー
,eyebrow_piercing,眉ピアス
,goatee,山羊髭
,shih_tzu,シーズー
,alligatorid,アリゲーター科
,dobermann,ドーベルマン
,black_ears,黒い耳
,yellow_scales,黄色の鱗
,door,ドア
,braixen,テールナー
,tail_grab,尾を掴む
,flat_colors,平面的な色彩
,leggings,レギンス
,lighting,ライティング
,archie_comics,アーチーコミック
,bird_feet,鳥の足
,penis_jewelry,ペニスジュエリー
,apode,アポーデス類
,hourglass_figure,砂時計型の体型
,experiment_(lilo_and_stitch),エクスペリメント(リロ・アンド・スティッチ)
,cloaca,総排泄腔
,sandals,サンダル
,source_request,ソースリクエスト
,sperm_cell,精子
,sonic_the_hedgehog_(archie),ソニック・ザ・ヘッジホッグ(アーチー)
,happy_sex,幸せなセックス
,long_image,縦長の画像
,domestic_pig,家畜のブタ
,pattern_legwear,模様のある脚衣
,fox_mccloud,フォックス・マクラウド
,tribal,部族の
,the_elder_scrolls,エルダー・スクロールズ
,trans_(lore),トランス(設定)
,starry_sky,星空
,saliva_on_tongue,舌の上の唾液
,black_bottomwear,黒いボトムス
,alligator,アリゲーター
,triceps,上腕三頭筋
,cock_ring,コックリング
,loona_(helluva_boss),ルーナ(ヘルヴァ・ボス)
,bat_wings,コウモリの羽
,arachnid,クモ形類
,carrying,運ぶ
,knife,ナイフ
,lube,潤滑剤
,fingering_self,自分を指で弄る
,ovum,卵子
,hyper_butt,過剰なお尻
,draconcopode,竜の足
,multicolored_skin,多色の肌
,gender_transformation,性別変換
,wild_boar,イノシシ
,selfie,自撮り
,corvid,カラス科
,male_on_humanoid,男性がヒト型に
,lopunny,ミミロップ
,bubble_butt,丸いお尻
,penis_grab,ペニスを掴む
,bodysuit,ボディスーツ
,black_stripes,黒い縞模様
,flash,フラッシュ
,suspension,吊るす
,sylveon,ニンフィア
,anal_beads,アナルビーズ
,crash_bandicoot_(series),クラッシュ・バンディクー(シリーズ)
,bell_collar,鈴付きの首輪
,musical_instrument,楽器
,trembling,震える
,obese_female,太った女性
,split_form,分離形態
,male_pred,捕食者の男性
,blurred_background,ぼかした背景
,curvaceous,曲線美のある
,motion_tweening,モーショントゥイーニング
,arms_bent,腕を曲げた
,outline,アウトライン
,christmas_clothing,クリスマス衣装
,oral_masturbation,口によるオナニー
,scat,スカット
,slave,奴隷
,desk,机
,sheepdog,牧羊犬
,purple_nipples,紫の乳首
,the_amazing_world_of_gumball,おかしなガムボール
,vaporeon,シャワーズ
,corset,コルセット
,female_pred,捕食者の女性
,cave,洞窟
,anal_fingering,アナル指マン
,monkey,猿
,blue_topwear,青い上着
,yellow_skin,黄色い肌
,cum_on_hand,手に射精
,yellow_tail,黄色い尻尾
,shrub,低木
,accipitriform,タカ目
,reindeer,トナカイ
,blanket,毛布
,number,番号
,sanrio,サンリオ
,mohawk,モヒカン
,hair_over_eyes,目の上の髪
,fti_crossgender,FTIのクロスジェンダー
,purple_scales,紫色の鱗
,wardrobe_malfunction,衣装の不具合
,younger_penetrated,若い挿入される側
,mustache,口ひげ
,clothing_pull,服を引っ張る
,human_penetrating_feral,人間がケモノに挿入する
,sun,太陽
,red_nose,赤い鼻
,lepidopteran,チョウ目
,pointing,指差し
,pixel_(artwork),ピクセル(作品)
,sad,悲しい
,cum_on_own_face,自分の顔に射精
,muscular_intersex,筋肉質のインターセックス
,zoroark,ゾロアーク
,younger_female,若い女性
,charizard,リザードン
,shoulder_tuft,肩の房毛
,female/ambiguous,女性/性別不明
,cum_everywhere,至る所に射精
,huge_filesize,巨大なファイルサイズ
,headshot_portrait,ヘッドショットの肖像画
,bisexual,バイセクシャル
,ground_squirrel,ホリネズミ
,cum_in_uterus,子宮内射精
,bird_dog,鳥猟犬
,manly,男らしい
,curtains,カーテン
,monotone_hair,単色の髪
,covering_self,身体を覆う
,2_penises,2本のペニス
,five_nights_at_freddy's_2,ファイブ・ナイツ・アット・フレディーズ2
,chubby_female,ぽっちゃりした女性
,striped_legwear,ボーダー柄の脚衣
,space,宇宙
,furry-specific_piercing,ファー特有のピアス
,puffy_nipples,ぷっくりした乳首
,collar_only,首輪のみ
,long_neck,長い首
,muzzle_(object),口輪(物)
,breast_size_difference,胸の大きさの差
,grey_clothing,灰色の服
,frill_(anatomy),ひだ(解剖学)
,thick_lips,厚い唇
,strapon,ペグ
,beauty_mark,ほくろ
,mother_and_son,母と息子
,obese_male,太った男性
,urethra,尿道
,arm_warmers,アームウォーマー
,collaboration,コラボレーション
,owl,フクロウ
,high_heeled_boots,ハイヒールブーツ
,cum_from_ass,お尻からの射精
,microsoft,マイクロソフト
,hands_on_hips,腰に手を当てる
,cowboy_hat,カウボーイハット
,mega_evolution,メガシンカ
,toe_curl,足の指を丸める
,cloven_hooves,割れた蹄
,tall_image,縦長の画像
,facial_scar,顔の傷跡
,feral_penetrating_anthro,ケモノが獣人に挿入する
,antelope,レイヨウ
,controller,コントローラー
,sunset,日没
,regional_form_(pokemon),リージョンフォーム(ポケモン)
,tentacle_penetration,触手挿入
,chipmunk,シマリス
,tail_fetish,尻尾フェチ
,bouncing_penis,はねるペニス
,thrusting,突き動かす
,yordle,ヨードル
,mirror,鏡
,sunlight,日光
,glaceon,グレイシア
,suggestive,示唆的な
,tail_play,尾遊び
,neck_bulge,首のこぶ
,anklet,足首のアクセサリー
,dildo_in_ass,アナルディルド
,hybrid_genitalia,混合性器
,on_lap,膝の上
,2008,2008年
,green_penis,緑のペニス
,parody,パロディ
,2_toes,2本指
,speedo,スピード
,poking_out,突き出ている
,drunk,酔っ払い
,convenient_censorship,都合のいい検閲
,chair_position,椅子の体位
,swimming_pool,プール
,text_on_topwear,上着に文字
,panties_aside,パンティをずらす
1girl,,一人の女の子
highres,,高画質
multiple_girls,,複数人の女の子
large_breasts,,巨乳
hair_ornament,,髪飾り
thighhighs,,ニーソ
1boy,,一人の男の子
long_sleeves,,長袖
original,,オリジナル
ribbon,,リボン
bow,,リボン
touhou,,東方Project
2girls,,二人の女の子
holding,,物を持ってる
animal_ears,,獣耳
hair_between_eyes,,目の間の髪
bare_shoulders,,肩出し
twintails,,ツインテール
very_long_hair,,とても長い髪
closed_mouth,,閉まった口
school_uniform,,制服
tail,,しっぽ
swimsuit,,水着
full_body,,全身
closed_eyes,,瞑目
kantai_collection,,艦隊これくしょん
upper_body,,上半身
white_shirt,,白シャツ
ass,,お尻
braid,,三つ編み
ahoge,,アホ毛
:d,,笑顔
short_sleeves,,半袖
hetero,,異性愛
male_focus,,男
heart,,ハート
pantyhose,,パンスト
sidelocks,,横髪
thighs,,太もも
cowboy_shot,,カウボーイショット
pleated_skirt,,プリーツスカート
earrings,,イヤリング
outdoors,,屋外
frills,,フリル
parted_lips,,少し開いた口
detached_sleeves,,デタッチドスリーブ
japanese_clothes,,和服
multiple_boys,,複数人の男の子
open_clothes,,前開きの服
horns,,角
serafuku,,セーラー服
sleeveless,,袖なし
alternate_costume,,別のコスチューム
pointy_ears,,エルフ耳
black_gloves,,黒手袋
hairclip,,ヘアピン
fang,,八重歯
striped,,縞模様
puffy_sleeves,,膨らんだ袖
shiny,,光
collared_shirt,,カッターシャツ
black_thighhighs,,黒ニーソ
indoors,,屋内
cat_ears,,猫耳
white_gloves,,白手袋
virtual_youtuber,,バーチャルYouTuber
3girls,,三人の女の子
hair_flower,,お花の髪飾り
hand_up,,手を挙げる
silver_hair,,銀髪
2boys,,二人の男の子
hood,,フード
idolmaster,,アイドルマスター
miniskirt,,ミニスカート
wide_sleeves,,広い袖
blunt_bangs,,ぱっつん
bowtie,,蝶ネクタイ
black_skirt,,黒スカート
armpits,,脇の下
sailor_collar,,セイラーカラー
medium_hair,,ミディアムヘア
kimono,,着物
black_legwear,,黒い脚ウェア
off_shoulder,,肩見せ
bag,,バッグ
hair_bun,,お団子
clothes_lift,,たくしあげ
from_behind,,後ろ姿
star_(symbol),,星
stomach,,下腹部
twitter_username,,Xのハンドル付き
nail_polish,,マニキュア
yuri,,百合
white_dress,,白ドレス
black_footwear,,黒靴
rabbit_ears,,うさみみ
white_panties,,白パンツ
mole,,ほくろ
hair_over_one_eye,,片目隠れ
:o,,開いた口
blurry,,ぼやけ
character_name,,キャラ名付き
black_dress,,黒ドレス
arm_up,,手を伸ばす
mosaic_censoring,,モザイク修正済み
red_bow,,赤いリボン
twin_braids,,ツイン三つ編み
flat_chest,,まな板
arms_up,,腕を上げる
shiny_hair,,光が当たった髪
side_ponytail,,サイドテール
covered_nipples,,透け乳首
from_side,,横から
aqua_eyes,,青目
vocaloid,,ボーカロイド
white_thighhighs,,白ニーソ
two-tone_hair,,二色髪
red_ribbon,,赤いリボン
two_side_up,,ツーサイドアップ
dark-skinned_female,,黒肌の女の子
open_jacket,,開かれたジャケット
blue_sky,,青空
puffy_short_sleeves,,膨らみのある半袖
zettai_ryouiki,,絶対領域
blue_skirt,,青スカート
hololive,,ホロライブ
official_alternate_costume,,公式の別のコスチューム
groin,,股間
fingernails,,爪
genshin_impact,,原神
cat_tail,,ねこしっぽ
v-shaped_eyebrows,,V字眉
streaked_hair,,メッシュ
black_jacket,,黒ジャケット
neckerchief,,スカーフ
head_tilt,,斜め顔
white_legwear,,白靴下
see-through,,透け
gradient,,グラデーション
azur_lane,,アズールレーン
shiny_skin,,光ってる肌
animal_ear_fluff,,獣耳の毛
wrist_cuffs,,手首の袖
sleeves_past_wrists,,袖余り
plaid,,チェック柄
looking_to_the_side,,よそ見
torn_clothes,,服ビリ
maid,,メイド
legs,,脚
parted_bangs,,センター分け
kneehighs,,ニーハイ
sash,,帯
military,,軍隊
maid_headdress,,メイドの髪飾り
black_pantyhose,,黒パンスト
petals,,花びら
black_panties,,黒パン
hands_up,,両手を上げる
fur_trim,,毛皮
pubic_hair,,陰毛
fox_ears,,狐耳
ascot,,アスコットタイ
black_shirt,,黒シャツ
no_bra,,ノーブラ
completely_nude,,全裸
4koma,,四コマ漫画
no_panties,,ノーパン
witch_hat,,魔女の帽子
red_skirt,,赤スカート
6+girls,,六人以上の女の子
skirt_lift,,スカートのたくしあげ
playboy_bunny,,バニーガール
school_swimsuit,,スク水
3boys,,三人の男の子
fox_girl,,狐娘
blue_archive,,ブルーアーカイブ
dog_ears,,犬耳
dog_tail,,いぬしっぽ
dog_girl,,犬娘
heart_censor,,ハートで修正済み
torso_grab,,胴体掴み
lotion,,ローション
instant_loss,,即堕ち
spasm,,痙攣
